<?xml version="1.0"?>
<Elements>
<DIAGRAM>
	<VEModelDiagram.BackgroundGridLinesOption>false</VEModelDiagram.BackgroundGridLinesOption>
	<VEModelDiagram.BackgroundImageOption></VEModelDiagram.BackgroundImageOption>
	<VEModelDiagram.BackgroundImageStretchOption>true</VEModelDiagram.BackgroundImageStretchOption>
</DIAGRAM>
<METER>
	<VEModelChildElement.LocationX>204</VEModelChildElement.LocationX>
	<VEModelChildElement.LocationY>45</VEModelChildElement.LocationY>
	<VEModelChildElement.SizeCX>300</VEModelChildElement.SizeCX>
	<VEModelChildElement.SizeCY>155</VEModelChildElement.SizeCY>
	<VEModelChildElement.expressionTitleVisible>true</VEModelChildElement.expressionTitleVisible>
	<VEModelChildElement.minRange>0.0</VEModelChildElement.minRange>
	<VEModelChildElement.maxRange>3500.0</VEModelChildElement.maxRange>
	<VEModelChildElement.expressionName>SETPOINT</VEModelChildElement.expressionName>
	<VEModelChildElement.expressionUpdatesDisabled>false</VEModelChildElement.expressionUpdatesDisabled>
	<VEModelChildElement.foregroundColor>16777215</VEModelChildElement.foregroundColor>
	<VEModelChildElement.backgroundColor>0</VEModelChildElement.backgroundColor>
</METER>
<METER>
	<VEModelChildElement.LocationX>633</VEModelChildElement.LocationX>
	<VEModelChildElement.LocationY>51</VEModelChildElement.LocationY>
	<VEModelChildElement.SizeCX>295</VEModelChildElement.SizeCX>
	<VEModelChildElement.SizeCY>167</VEModelChildElement.SizeCY>
	<VEModelChildElement.expressionTitleVisible>true</VEModelChildElement.expressionTitleVisible>
	<VEModelChildElement.minRange>0.0</VEModelChildElement.minRange>
	<VEModelChildElement.maxRange>3500.0</VEModelChildElement.maxRange>
	<VEModelChildElement.expressionName>temporal</VEModelChildElement.expressionName>
	<VEModelChildElement.expressionUpdatesDisabled>false</VEModelChildElement.expressionUpdatesDisabled>
	<VEModelChildElement.foregroundColor>16777215</VEModelChildElement.foregroundColor>
	<VEModelChildElement.backgroundColor>0</VEModelChildElement.backgroundColor>
</METER>
</Elements>
