<?xml version="1.0"?>
<Elements>
<DIAGRAM>
	<VEModelDiagram.BackgroundGridLinesOption>false</VEModelDiagram.BackgroundGridLinesOption>
	<VEModelDiagram.BackgroundImageOption></VEModelDiagram.BackgroundImageOption>
	<VEModelDiagram.BackgroundImageStretchOption>true</VEModelDiagram.BackgroundImageStretchOption>
</DIAGRAM>
<METER>
	<VEModelChildElement.LocationX>228</VEModelChildElement.LocationX>
	<VEModelChildElement.LocationY>123</VEModelChildElement.LocationY>
	<VEModelChildElement.SizeCX>160</VEModelChildElement.SizeCX>
	<VEModelChildElement.SizeCY>100</VEModelChildElement.SizeCY>
	<VEModelChildElement.expressionTitleVisible>true</VEModelChildElement.expressionTitleVisible>
	<VEModelChildElement.minRange>0.0</VEModelChildElement.minRange>
	<VEModelChildElement.maxRange>3000.0</VEModelChildElement.maxRange>
	<VEModelChildElement.expressionName>RPM</VEModelChildElement.expressionName>
	<VEModelChildElement.expressionUpdatesDisabled>false</VEModelChildElement.expressionUpdatesDisabled>
	<VEModelChildElement.foregroundColor>16777215</VEModelChildElement.foregroundColor>
	<VEModelChildElement.backgroundColor>0</VEModelChildElement.backgroundColor>
</METER>
<GAUGE>
	<VEModelChildElement.LocationX>771</VEModelChildElement.LocationX>
	<VEModelChildElement.LocationY>86</VEModelChildElement.LocationY>
	<VEModelChildElement.SizeCX>150</VEModelChildElement.SizeCX>
	<VEModelChildElement.SizeCY>150</VEModelChildElement.SizeCY>
	<VEModelChildElement.expressionTitleVisible>true</VEModelChildElement.expressionTitleVisible>
	<VEModelChildElement.minRange>0.0</VEModelChildElement.minRange>
	<VEModelChildElement.maxRange>3000.0</VEModelChildElement.maxRange>
	<VEModelChildElement.expressionName>SETPOINT</VEModelChildElement.expressionName>
	<VEModelChildElement.expressionUpdatesDisabled>false</VEModelChildElement.expressionUpdatesDisabled>
	<VEModelChildElement.foregroundColor>0</VEModelChildElement.foregroundColor>
	<VEModelChildElement.backgroundColor>16777215</VEModelChildElement.backgroundColor>
</GAUGE>
<METER>
	<VEModelChildElement.LocationX>488</VEModelChildElement.LocationX>
	<VEModelChildElement.LocationY>113</VEModelChildElement.LocationY>
	<VEModelChildElement.SizeCX>160</VEModelChildElement.SizeCX>
	<VEModelChildElement.SizeCY>100</VEModelChildElement.SizeCY>
	<VEModelChildElement.expressionTitleVisible>true</VEModelChildElement.expressionTitleVisible>
	<VEModelChildElement.minRange>0.0</VEModelChildElement.minRange>
	<VEModelChildElement.maxRange>3000.0</VEModelChildElement.maxRange>
	<VEModelChildElement.expressionName>u8DutyCycle</VEModelChildElement.expressionName>
	<VEModelChildElement.expressionUpdatesDisabled>false</VEModelChildElement.expressionUpdatesDisabled>
	<VEModelChildElement.foregroundColor>16777215</VEModelChildElement.foregroundColor>
	<VEModelChildElement.backgroundColor>0</VEModelChildElement.backgroundColor>
</METER>
</Elements>
